﻿<?xml version="1.0" encoding="utf-8" ?>
<c2eventsheet>
    <!--All the 'name' attributes are ignored by Construct 2 - they are there for readability only.-->
    <name>Event sheet Choose Team to Mission</name>
    <events>
        <event-group description="" sid="273922185879277" title="Group Choose Team to Mission">
            <sub-events>
                <variable constant="0" name="CoordinateX" sid="367786342229263" static="0" type="number">0</variable>
                <variable constant="0" name="CoordinateY" sid="104600022798396" static="0" type="number">0</variable>
                <event-block sid="420364073577591">
                    <conditions>
                        <condition id="-2" name="On start of layout" sid="802196477356997" type="System" />
                    </conditions>
                    <actions>
                        <action id="-9" name="Set value" sid="560244908097485" type="System">
                            <param id="0" name="Variable">CoordinateX</param>
                            <param id="1" name="Value">SpriteFontPeopleToMission.X</param>
                        </action>
                        <action id="-9" name="Set value" sid="489088735544388" type="System">
                            <param id="0" name="Variable">CoordinateY</param>
                            <param id="1" name="Value">SpriteFontPeopleToMission.Y</param>
                        </action>
                        <action id="-9" name="Destroy" sid="135220330551913" type="SpriteFontPeopleToMission" />
                    </actions>
                    <sub-events>
                        <event-block sid="212737630710002">
                            <conditions>
                                <condition id="1" name="For each key" sid="652382728577382" type="DictionaryPeopleTeams" />
                            </conditions>
                            <actions>
                                <action id="-10" name="Add to" sid="742043355456411" type="System">
                                    <param id="0" name="Variable">CoordinateY</param>
                                    <param id="1" name="Value">50</param>
                                </action>
                                <action id="-3" name="Create object" sid="173947558288142" type="System">
                                    <param id="0" name="Object to create">SpriteFontPeopleToMission</param>
                                    <param id="1" name="Layer">0</param>
                                    <param id="2" name="X">CoordinateX</param>
                                    <param id="3" name="Y">CoordinateY</param>
                                </action>
                                <action id="0" name="Set text" sid="725804521901998" type="SpriteFontPeopleToMission">
                                    <param id="0" name="Text">DictionaryPeopleTeams.CurrentKey</param>
                                </action>
                            </actions>
                        </event-block>
                    </sub-events>
                </event-block>
                <event-block sid="537400671129216">
                    <conditions>
                        <condition id="3" name="On touched object" sid="395766996447887" type="Touch">
                            <param id="0" name="Object">SpriteFontPeopleToMission</param>
                        </condition>
                        <condition id="5" name="Contains value" sid="390511331228715" type="ArrayPeopleToMission">
                            <param id="0" name="Value">SpriteFontPeopleToMission.Text</param>
                        </condition>
                    </conditions>
                    <actions>
                        <action id="9" name="Delete" sid="468245227202075" type="ArrayPeopleToMission">
                            <param id="0" name="Index">ArrayPeopleToMission.IndexOf(SpriteFontPeopleToMission.Text)</param>
                            <param id="1" name="Axis">0</param>
                        </action>
                    </actions>
                </event-block>
                <event-block sid="648346878463200">
                    <conditions>
                        <condition id="3" name="On touched object" sid="457750359362861" type="Touch">
                            <param id="0" name="Object">SpriteFontPeopleToMission</param>
                        </condition>
                        <condition id="5" inverted="1" name="Contains value" sid="235685542172219" type="ArrayPeopleToMission">
                            <param id="0" name="Value">SpriteFontPeopleToMission.Text</param>
                        </condition>
                    </conditions>
                    <actions>
                        <action id="5" name="Push" sid="660954399275689" type="ArrayPeopleToMission">
                            <param id="0" name="Where">0</param>
                            <param id="1" name="Value">SpriteFontPeopleToMission.Text</param>
                            <param id="2" name="Axis">0</param>
                        </action>
                    </actions>
                </event-block>
            </sub-events>
        </event-group>
    </events>
</c2eventsheet>
