﻿<?xml version="1.0" encoding="utf-8" ?>
<c2eventsheet>
    <!--All the 'name' attributes are ignored by Construct 2 - they are there for readability only.-->
    <name>Event sheet Missions</name>
    <events>
        <event-group description="" sid="727470695877163" title="Group Touch">
            <sub-events>
                <event-block sid="112586042969482">
                    <conditions>
                        <condition id="3" name="On touched object" sid="931460557894404" type="Touch">
                            <param id="0" name="Object">SpriteMissionOne</param>
                        </condition>
                        <condition id="-8" inverted="1" name="Is boolean instance variable set" sid="307837275671174" type="FamilySpriteMission">
                            <param id="0" name="Instance variable">completed</param>
                        </condition>
                    </conditions>
                    <actions>
                        <action id="-2" name="Go to layout" sid="335960846785282" type="System">
                            <param id="0" name="Layout">Layout Choose Team to Mission</param>
                        </action>
                    </actions>
                </event-block>
            </sub-events>
        </event-group>
    </events>
</c2eventsheet>
