﻿<?xml version="1.0" encoding="utf-8" ?>
<c2eventsheet>
    <!--All the 'name' attributes are ignored by Construct 2 - they are there for readability only.-->
    <name>Event sheet Start Game</name>
    <events>
        <event-block sid="129717394140225">
            <conditions>
                <condition id="0" name="On clicked" sid="702071806824852" type="ButtonStart" />
            </conditions>
            <actions>
                <action id="0" name="Load" sid="952755529857721" type="XML">
                    <param id="0" name="XML">&quot;&lt;teams&gt;&#x0D;&#x0A;    &lt;5&gt;&#x0D;&#x0A;        &lt;resistance&gt;3&lt;/resistance&gt;&#x0D;&#x0A;        &lt;spy&gt;2&lt;/spy&gt;&#x0D;&#x0A;    &lt;/5&gt;&#x0D;&#x0A;    &lt;6&gt;&#x0D;&#x0A;        &lt;resistance&gt;4&lt;/resistance&gt;&#x0D;&#x0A;        &lt;spy&gt;2&lt;/spy&gt;&#x0D;&#x0A;    &lt;/6&gt;&#x0D;&#x0A;    &lt;7&gt;&#x0D;&#x0A;        &lt;resistance&gt;4&lt;/resistance&gt;&#x0D;&#x0A;        &lt;spy&gt;3&lt;/spy&gt;&#x0D;&#x0A;    &lt;/7&gt;&#x0D;&#x0A;    &lt;8&gt;&#x0D;&#x0A;        &lt;resistance&gt;5&lt;/resistance&gt;&#x0D;&#x0A;        &lt;spy&gt;3&lt;/spy&gt;&#x0D;&#x0A;    &lt;/8&gt;&#x0D;&#x0A;    &lt;9&gt;&#x0D;&#x0A;        &lt;resistance&gt;5&lt;/resistance&gt;&#x0D;&#x0A;        &lt;spy&gt;4&lt;/spy&gt;&#x0D;&#x0A;    &lt;/9&gt;&#x0D;&#x0A;    &lt;10&gt;&#x0D;&#x0A;        &lt;resistance&gt;6&lt;/resistance&gt;&#x0D;&#x0A;        &lt;spy&gt;4&lt;/spy&gt;&#x0D;&#x0A;    &lt;/10&gt;&#x0D;&#x0A;&lt;/teams&gt;&#x0D;&#x0A;&quot;</param>
                </action>
            </actions>
        </event-block>
    </events>
</c2eventsheet>
