﻿<?xml version="1.0" encoding="utf-8" ?>
<c2eventsheet>
    <!--All the 'name' attributes are ignored by Construct 2 - they are there for readability only.-->
    <name>Event sheet Team</name>
    <events>
        <variable constant="1" name="SPY" sid="255612858567895" static="0" type="text">SPY</variable>
        <variable constant="1" name="RESISTANCE" sid="994798968030264" static="0" type="text">RESISTANCE</variable>
        <variable constant="0" name="qtd_spy" sid="675690491330219" static="0" type="number">0</variable>
        <variable constant="0" name="qtd_resistance" sid="924003841763637" static="0" type="number">0</variable>
        <variable constant="0" name="people_name" sid="615050412463449" static="0" type="text"></variable>
        <variable constant="0" name="qtd_peoples" sid="644013609855338" static="0" type="number">0</variable>
        <event-group description="" sid="482002820717563" title="Group Layout Team">
            <sub-events>
                <event-block sid="934559303193553">
                    <conditions>
                        <condition id="0" name="On clicked" sid="120777043691865" type="ButtonPeopleName" />
                    </conditions>
                    <actions>
                        <action id="-9" name="Set value" sid="865285806575076" type="System">
                            <param id="0" name="Variable">people_name</param>
                            <param id="1" name="Value">TextPeopleName.Text</param>
                        </action>
                        <action id="0" name="Call function" sid="232831233856742" type="Function">
                            <param id="0" name="Name">&quot;FunctionRandomTeam&quot;</param>
                            <param id="1" name="Parameter {n}">choose(RESISTANCE, SPY){###}people_name</param>
                        </action>
                    </actions>
                    <sub-events>
                        <event-block sid="648246817017992">
                            <conditions>
                                <condition id="0" name="Compare value" sid="846335913677457" type="DictionaryPeopleTeams">
                                    <param id="0" name="Key">people_name</param>
                                    <param id="1" name="Comparison">0</param>
                                    <param id="2" name="Value">RESISTANCE</param>
                                </condition>
                            </conditions>
                            <actions>
                                <action id="0" name="Set text" sid="116266032011653" type="TextChoosedTeam">
                                    <param id="0" name="Text">&quot;Resistencia&quot;</param>
                                </action>
                                <action id="-2" name="Go to layout" sid="904925391220013" type="System">
                                    <param id="0" name="Layout">Layout Choosed Team</param>
                                </action>
                            </actions>
                        </event-block>
                        <event-block sid="805637389938704">
                            <conditions>
                                <condition id="0" name="Compare value" sid="368681264438873" type="DictionaryPeopleTeams">
                                    <param id="0" name="Key">people_name</param>
                                    <param id="1" name="Comparison">0</param>
                                    <param id="2" name="Value">SPY</param>
                                </condition>
                            </conditions>
                            <actions>
                                <action id="0" name="Set text" sid="852762691645781" type="TextChoosedTeam">
                                    <param id="0" name="Text">&quot;Espião&quot;</param>
                                </action>
                                <action id="-2" name="Go to layout" sid="620615690543722" type="System">
                                    <param id="0" name="Layout">Layout Choosed Team</param>
                                </action>
                            </actions>
                        </event-block>
                    </sub-events>
                </event-block>
                <event-block sid="866807119237429">
                    <conditions>
                        <condition id="0" name="On function" sid="219595581143241" type="Function">
                            <param id="0" name="Name">&quot;FunctionRandomTeam&quot;</param>
                        </condition>
                    </conditions>
                    <actions />
                    <sub-events>
                        <event-block sid="492898979903003">
                            <conditions>
                                <condition id="1" name="Compare parameter" sid="252721512708457" type="Function">
                                    <param id="0" name="Index">0</param>
                                    <param id="1" name="Comparison">0</param>
                                    <param id="2" name="Value">RESISTANCE</param>
                                </condition>
                            </conditions>
                            <actions />
                            <sub-events>
                                <event-block sid="162053425606832">
                                    <conditions>
                                        <condition id="-14" name="Compare variable" sid="627356234576410" type="System">
                                            <param id="0" name="Variable">qtd_resistance</param>
                                            <param id="1" name="Comparison">4</param>
                                            <param id="2" name="Value">0</param>
                                        </condition>
                                    </conditions>
                                    <actions>
                                        <action id="-11" name="Subtract from" sid="869603016238467" type="System">
                                            <param id="0" name="Variable">qtd_resistance</param>
                                            <param id="1" name="Value">1</param>
                                        </action>
                                        <action id="0" name="Add key" sid="197035988084595" type="DictionaryPeopleTeams">
                                            <param id="0" name="Key">Function.Param(1)</param>
                                            <param id="1" name="Value">RESISTANCE</param>
                                        </action>
                                    </actions>
                                </event-block>
                                <event-block sid="471013168610656">
                                    <conditions>
                                        <condition id="-14" name="Compare variable" sid="924448899977425" type="System">
                                            <param id="0" name="Variable">qtd_resistance</param>
                                            <param id="1" name="Comparison">0</param>
                                            <param id="2" name="Value">0</param>
                                        </condition>
                                    </conditions>
                                    <actions>
                                        <action id="0" name="Add key" sid="697314701121553" type="DictionaryPeopleTeams">
                                            <param id="0" name="Key">Function.Param(1)</param>
                                            <param id="1" name="Value">SPY</param>
                                        </action>
                                    </actions>
                                </event-block>
                            </sub-events>
                        </event-block>
                        <event-block sid="659439885673592">
                            <conditions>
                                <condition id="1" name="Compare parameter" sid="123130335052793" type="Function">
                                    <param id="0" name="Index">0</param>
                                    <param id="1" name="Comparison">0</param>
                                    <param id="2" name="Value">SPY</param>
                                </condition>
                            </conditions>
                            <actions />
                            <sub-events>
                                <event-block sid="382536487030071">
                                    <conditions>
                                        <condition id="-14" name="Compare variable" sid="994660339968441" type="System">
                                            <param id="0" name="Variable">qtd_spy</param>
                                            <param id="1" name="Comparison">4</param>
                                            <param id="2" name="Value">0</param>
                                        </condition>
                                    </conditions>
                                    <actions>
                                        <action id="-11" name="Subtract from" sid="300496933574816" type="System">
                                            <param id="0" name="Variable">qtd_spy</param>
                                            <param id="1" name="Value">1</param>
                                        </action>
                                        <action id="0" name="Add key" sid="134022402731776" type="DictionaryPeopleTeams">
                                            <param id="0" name="Key">Function.Param(1)</param>
                                            <param id="1" name="Value">SPY</param>
                                        </action>
                                    </actions>
                                </event-block>
                                <event-block sid="116552039511418">
                                    <conditions>
                                        <condition id="-14" name="Compare variable" sid="682562989630564" type="System">
                                            <param id="0" name="Variable">qtd_spy</param>
                                            <param id="1" name="Comparison">0</param>
                                            <param id="2" name="Value">0</param>
                                        </condition>
                                    </conditions>
                                    <actions>
                                        <action id="0" name="Add key" sid="741534558228711" type="DictionaryPeopleTeams">
                                            <param id="0" name="Key">Function.Param(1)</param>
                                            <param id="1" name="Value">RESISTANCE</param>
                                        </action>
                                    </actions>
                                </event-block>
                            </sub-events>
                        </event-block>
                    </sub-events>
                </event-block>
                <event-block sid="555675060571073">
                    <conditions>
                        <condition id="-2" name="On start of layout" sid="855847663256895" type="System" />
                        <condition id="-14" name="Compare variable" sid="847783303406975" type="System">
                            <param id="0" name="Variable">qtd_peoples</param>
                            <param id="1" name="Comparison">4</param>
                            <param id="2" name="Value">0</param>
                        </condition>
                    </conditions>
                    <actions>
                        <action id="-9" name="Set value" sid="956871046417598" type="System">
                            <param id="0" name="Variable">qtd_resistance</param>
                            <param id="1" name="Value">XML.NumberValue(&quot;teams/&quot;  &amp; DictionaryConfig.Get(&quot;qtd_peoples&quot;) &amp; &quot;/resistance&quot;)</param>
                        </action>
                        <action id="-9" name="Set value" sid="672581993508234" type="System">
                            <param id="0" name="Variable">qtd_spy</param>
                            <param id="1" name="Value">XML.NumberValue(&quot;teams/&quot;  &amp; DictionaryConfig.Get(&quot;qtd_peoples&quot;)  &amp; &quot;/spy&quot;)</param>
                        </action>
                    </actions>
                </event-block>
                <event-block sid="303314362934782">
                    <conditions>
                        <condition id="-2" name="On start of layout" sid="851028298880799" type="System" />
                        <condition id="-14" name="Compare variable" sid="338845900761929" type="System">
                            <param id="0" name="Variable">qtd_peoples</param>
                            <param id="1" name="Comparison">0</param>
                            <param id="2" name="Value">0</param>
                        </condition>
                    </conditions>
                    <actions />
                </event-block>
            </sub-events>
        </event-group>
        <event-group description="" sid="489818577015978" title="Group Layout Choosed Team">
            <sub-events>
                <event-block sid="850083604987368">
                    <conditions>
                        <condition id="0" name="On clicked" sid="513894277925989" type="ButtonBackTeam" />
                    </conditions>
                    <actions>
                        <action id="-11" name="Subtract from" sid="959552702045666" type="System">
                            <param id="0" name="Variable">qtd_peoples</param>
                            <param id="1" name="Value">1</param>
                        </action>
                        <action id="-2" name="Go to layout" sid="307865417723181" type="System">
                            <param id="0" name="Layout">Layout Team</param>
                        </action>
                    </actions>
                </event-block>
            </sub-events>
        </event-group>
        <event-group description="" sid="657087046510665" title="Group Layout Quantity of Peoples">
            <sub-events>
                <event-block sid="974777125193231">
                    <conditions>
                        <condition id="0" name="On clicked" sid="748331125666226" type="ButtonQtdPeople" />
                    </conditions>
                    <actions>
                        <action id="-9" name="Set value" sid="113982633767108" type="System">
                            <param id="0" name="Variable">qtd_peoples</param>
                            <param id="1" name="Value">TextBoxQtdPeople.Text</param>
                        </action>
                        <action id="0" name="Add key" sid="361510852424204" type="DictionaryConfig">
                            <param id="0" name="Key">&quot;qtd_peoples&quot;</param>
                            <param id="1" name="Value">qtd_peoples</param>
                        </action>
                    </actions>
                </event-block>
            </sub-events>
        </event-group>
    </events>
</c2eventsheet>
