﻿<?xml version="1.0" encoding="utf-8" ?>
<c2eventsheet>
    <!--All the 'name' attributes are ignored by Construct 2 - they are there for readability only.-->
    <name>Event sheet Mission Decision</name>
    <events>
        <event-group description="" sid="112050057648075" title="Group Layout Mission Decision">
            <sub-events>
                <variable constant="0" name="acc_fail" sid="913735970695807" static="0" type="number">0</variable>
                <variable constant="0" name="acc_success" sid="999448956732857" static="0" type="number">0</variable>
                <variable constant="0" name="index" sid="473199105889715" static="0" type="number">0</variable>
                <event-block sid="503198773805807">
                    <conditions>
                        <condition id="-2" name="On start of layout" sid="426789136996505" type="System" />
                    </conditions>
                    <actions>
                        <action id="0" name="Set text" sid="735775786097419" type="SpriteFontPeopleToMission">
                            <param id="0" name="Text">ArrayPeopleToMission.At(index)</param>
                        </action>
                        <action id="0" name="Add key" sid="517639445223556" type="DictionaryConfig">
                            <param id="0" name="Key">&quot;mission_success&quot;</param>
                            <param id="1" name="Value">0</param>
                        </action>
                        <action id="0" name="Add key" sid="134196413642731" type="DictionaryConfig">
                            <param id="0" name="Key">&quot;mission_fail&quot;</param>
                            <param id="1" name="Value">0</param>
                        </action>
                    </actions>
                </event-block>
                <event-block sid="852346244722041">
                    <conditions>
                        <condition id="3" name="On touched object" sid="638059075008613" type="Touch">
                            <param id="0" name="Object">SpriteMissionSuccess</param>
                        </condition>
                    </conditions>
                    <actions>
                        <action id="-9" name="Set value" sid="204055104617235" type="System">
                            <param id="0" name="Variable">acc_success</param>
                            <param id="1" name="Value">DictionaryConfig.Get(&quot;mission_success&quot;)</param>
                        </action>
                        <action id="1" name="Set key" sid="555334942441171" type="DictionaryConfig">
                            <param id="0" name="Key">&quot;mission_success&quot;</param>
                            <param id="1" name="Value">acc_success + 1</param>
                        </action>
                        <action id="-10" name="Add to" sid="345308186929176" type="System">
                            <param id="0" name="Variable">index</param>
                            <param id="1" name="Value">1</param>
                        </action>
                        <action id="0" name="Set text" sid="115265319997137" type="SpriteFontPeopleToMission">
                            <param id="0" name="Text">ArrayPeopleToMission.At(index)</param>
                        </action>
                    </actions>
                </event-block>
                <event-block sid="966710466205752">
                    <conditions>
                        <condition id="3" name="On touched object" sid="252960496290710" type="Touch">
                            <param id="0" name="Object">SpriteMissionFail</param>
                        </condition>
                    </conditions>
                    <actions>
                        <action id="-9" name="Set value" sid="747082846914732" type="System">
                            <param id="0" name="Variable">acc_fail</param>
                            <param id="1" name="Value">DictionaryConfig.Get(&quot;mission_fail&quot;)</param>
                        </action>
                        <action id="1" name="Set key" sid="786851425119691" type="DictionaryConfig">
                            <param id="0" name="Key">&quot;mission_fail&quot;</param>
                            <param id="1" name="Value">acc_fail + 1</param>
                        </action>
                        <action id="-10" name="Add to" sid="759159549780557" type="System">
                            <param id="0" name="Variable">index</param>
                            <param id="1" name="Value">1</param>
                        </action>
                        <action id="0" name="Set text" sid="342253651083105" type="SpriteFontPeopleToMission">
                            <param id="0" name="Text">ArrayPeopleToMission.At(index)</param>
                        </action>
                    </actions>
                </event-block>
                <event-block sid="209857653686331">
                    <conditions>
                        <condition id="7" name="Compare size" sid="946935345079110" type="ArrayPeopleToMission">
                            <param id="0" name="Axis">0</param>
                            <param id="1" name="Comparison">0</param>
                            <param id="2" name="Value">index</param>
                        </condition>
                    </conditions>
                    <actions>
                        <action id="-4" name="Set layer visible" sid="940908509218586" type="System">
                            <param id="0" name="Layer">0</param>
                            <param id="1" name="Visibility">0</param>
                        </action>
                        <action id="-4" name="Set layer visible" sid="208625597202973" type="System">
                            <param id="0" name="Layer">1</param>
                            <param id="1" name="Visibility">1</param>
                        </action>
                    </actions>
                </event-block>
            </sub-events>
        </event-group>
    </events>
</c2eventsheet>
