﻿<?xml version="1.0" encoding="utf-8" ?>
<c2eventsheet>
    <!--All the 'name' attributes are ignored by Construct 2 - they are there for readability only.-->
    <name>Event sheet Start Game</name>
    <events>
        <event-block sid="129717394140225">
            <conditions>
                <condition id="0" name="On clicked" sid="702071806824852" type="ButtonStart" />
            </conditions>
            <actions>
                <action id="0" name="Load" sid="952755529857721" type="XML">
                    <param id="0" name="XML">&quot;&lt;?xml version=&quot;&quot;1.0&quot;&quot; ?&gt;&#x0D;&#x0A;&lt;teams&gt;&#x0D;&#x0A;    &lt;team quantity=&quot;&quot;5&quot;&quot;&gt;&#x0D;&#x0A;        &lt;resistance&gt;3&lt;/resistance&gt;&#x0D;&#x0A;        &lt;spy&gt;2&lt;/spy&gt;&#x0D;&#x0A;        &lt;missions&gt;&#x0D;&#x0A;            &lt;mission number=&quot;&quot;1&quot;&quot;&gt;2&lt;/mission&gt;&#x0D;&#x0A;            &lt;mission number=&quot;&quot;2&quot;&quot;&gt;3&lt;/mission&gt;&#x0D;&#x0A;            &lt;mission number=&quot;&quot;3&quot;&quot;&gt;2&lt;/mission&gt;&#x0D;&#x0A;            &lt;mission number=&quot;&quot;4&quot;&quot;&gt;3&lt;/mission&gt;&#x0D;&#x0A;            &lt;mission number=&quot;&quot;5&quot;&quot;&gt;3&lt;/mission&gt;&#x0D;&#x0A;        &lt;/missions&gt;&#x0D;&#x0A;    &lt;/team&gt;&#x0D;&#x0A;    &lt;team quantity=&quot;&quot;6&quot;&quot;&gt;&#x0D;&#x0A;        &lt;resistance&gt;4&lt;/resistance&gt;&#x0D;&#x0A;        &lt;spy&gt;2&lt;/spy&gt;&#x0D;&#x0A;        &lt;missions&gt;&#x0D;&#x0A;            &lt;mission number=&quot;&quot;1&quot;&quot;&gt;2&lt;/mission&gt;&#x0D;&#x0A;            &lt;mission number=&quot;&quot;2&quot;&quot;&gt;3&lt;/mission&gt;&#x0D;&#x0A;            &lt;mission number=&quot;&quot;3&quot;&quot;&gt;4&lt;/mission&gt;&#x0D;&#x0A;            &lt;mission number=&quot;&quot;4&quot;&quot;&gt;3&lt;/mission&gt;&#x0D;&#x0A;            &lt;mission number=&quot;&quot;5&quot;&quot;&gt;4&lt;/mission&gt;&#x0D;&#x0A;        &lt;/missions&gt;&#x0D;&#x0A;    &lt;/team&gt;&#x0D;&#x0A;    &lt;team quantity=&quot;&quot;7&quot;&quot;&gt;&#x0D;&#x0A;        &lt;resistance&gt;4&lt;/resistance&gt;&#x0D;&#x0A;        &lt;spy&gt;3&lt;/spy&gt;&#x0D;&#x0A;        &lt;missions&gt;&#x0D;&#x0A;            &lt;mission number=&quot;&quot;1&quot;&quot;&gt;2&lt;/mission&gt;&#x0D;&#x0A;            &lt;mission number=&quot;&quot;2&quot;&quot;&gt;3&lt;/mission&gt;&#x0D;&#x0A;            &lt;mission number=&quot;&quot;3&quot;&quot;&gt;3&lt;/mission&gt;&#x0D;&#x0A;            &lt;mission number=&quot;&quot;4&quot;&quot;&gt;4&lt;/mission&gt;&#x0D;&#x0A;            &lt;mission number=&quot;&quot;5&quot;&quot;&gt;4&lt;/mission&gt;&#x0D;&#x0A;        &lt;/missions&gt;&#x0D;&#x0A;    &lt;/team&gt;&#x0D;&#x0A;    &lt;team quantity=&quot;&quot;8&quot;&quot;&gt;&#x0D;&#x0A;        &lt;resistance&gt;5&lt;/resistance&gt;&#x0D;&#x0A;        &lt;spy&gt;3&lt;/spy&gt;&#x0D;&#x0A;        &lt;missions&gt;&#x0D;&#x0A;            &lt;mission number=&quot;&quot;1&quot;&quot;&gt;3&lt;/mission&gt;&#x0D;&#x0A;            &lt;mission number=&quot;&quot;2&quot;&quot;&gt;4&lt;/mission&gt;&#x0D;&#x0A;            &lt;mission number=&quot;&quot;3&quot;&quot;&gt;4&lt;/mission&gt;&#x0D;&#x0A;            &lt;mission number=&quot;&quot;4&quot;&quot;&gt;5&lt;/mission&gt;&#x0D;&#x0A;            &lt;mission number=&quot;&quot;5&quot;&quot;&gt;5&lt;/mission&gt;&#x0D;&#x0A;        &lt;/missions&gt;&#x0D;&#x0A;    &lt;/team&gt;&#x0D;&#x0A;    &lt;team quantity=&quot;&quot;9&quot;&quot;&gt;&#x0D;&#x0A;        &lt;resistance&gt;6&lt;/resistance&gt;&#x0D;&#x0A;        &lt;spy&gt;3&lt;/spy&gt;&#x0D;&#x0A;        &lt;missions&gt;&#x0D;&#x0A;            &lt;mission number=&quot;&quot;1&quot;&quot;&gt;3&lt;/mission&gt;&#x0D;&#x0A;            &lt;mission number=&quot;&quot;2&quot;&quot;&gt;4&lt;/mission&gt;&#x0D;&#x0A;            &lt;mission number=&quot;&quot;3&quot;&quot;&gt;4&lt;/mission&gt;&#x0D;&#x0A;            &lt;mission number=&quot;&quot;4&quot;&quot;&gt;5&lt;/mission&gt;&#x0D;&#x0A;            &lt;mission number=&quot;&quot;5&quot;&quot;&gt;5&lt;/mission&gt;&#x0D;&#x0A;        &lt;/missions&gt;&#x0D;&#x0A;    &lt;/team&gt;&#x0D;&#x0A;    &lt;team quantity=&quot;&quot;10&quot;&quot;&gt;&#x0D;&#x0A;        &lt;resistance&gt;6&lt;/resistance&gt;&#x0D;&#x0A;        &lt;spy&gt;4&lt;/spy&gt;&#x0D;&#x0A;        &lt;missions&gt;&#x0D;&#x0A;            &lt;mission number=&quot;&quot;1&quot;&quot;&gt;3&lt;/mission&gt;&#x0D;&#x0A;            &lt;mission number=&quot;&quot;2&quot;&quot;&gt;4&lt;/mission&gt;&#x0D;&#x0A;            &lt;mission number=&quot;&quot;3&quot;&quot;&gt;4&lt;/mission&gt;&#x0D;&#x0A;            &lt;mission number=&quot;&quot;4&quot;&quot;&gt;5&lt;/mission&gt;&#x0D;&#x0A;            &lt;mission number=&quot;&quot;5&quot;&quot;&gt;5&lt;/mission&gt;&#x0D;&#x0A;        &lt;/missions&gt;&#x0D;&#x0A;    &lt;/team&gt;&#x0D;&#x0A;&lt;/teams&gt;&quot;</param>
                </action>
                <action id="-2" name="Go to layout" sid="370030826988798" type="System">
                    <param id="0" name="Layout">Layout Quantity of Peoples</param>
                </action>
            </actions>
        </event-block>
    </events>
</c2eventsheet>
