﻿<?xml version="1.0" encoding="utf-8" ?>
<c2uistate>
    <!--This is a UI state file - its content describes the user interface settings when the project was last open.
It is entirely optional and the project will load without it.  If you are placing the project under source control,
you probably do not want to add any .uistate.xml files to the repository.-->
    <configurations>
        <active>
            <configuration name="HTML5" />
        </active>
        <display name="HTML5" />
    </configurations>
    <open-tabs>
        <layout order="0">Layout Start Game</layout>
        <layout order="2">Layout Choose Team to Mission</layout>
        <layout order="3">Layout Mission Decision</layout>
        <event-sheet order="1">Event sheet Choose Team to Mission</event-sheet>
        <event-sheet active="1" order="4">Event sheet Mission Decision</event-sheet>
    </open-tabs>
    <properties>
        <property expanded="1" name="About" />
        <property expanded="1" name="Project settings" />
        <property expanded="0" name="Window Size" />
        <property expanded="1" name="Configuration Settings" />
    </properties>
    <families-expanded root="1">
        <family expanded="1" name="FamilySpriteMission" />
    </families-expanded>
    <folders-expanded>
        <folder expanded="1" path="object-folder/" />
        <folder expanded="1" path="layout-folder/" />
        <folder expanded="1" path="event-folder/" />
        <folder expanded="1" path="file-folder/" />
        <folder expanded="1" path="sound-folder/" />
        <folder expanded="1" path="music-folder/" />
        <folder expanded="0" path="file-folder/Icons/" />
        <folder expanded="1" path="animation-folder/SpriteMissionOne/" />
        <folder expanded="1" path="animation-folder/SpriteMissionTwo/" />
        <folder expanded="1" path="animation-folder/SpriteMissionThree/" />
        <folder expanded="1" path="animation-folder/SpriteMissionFour/" />
        <folder expanded="1" path="animation-folder/SpriteMissionFive/" />
        <folder expanded="1" path="animation-folder/SpriteMissionSuccess/" />
        <folder expanded="1" path="animation-folder/SpriteMissionFail/" />
    </folders-expanded>
</c2uistate>
